Company_ID,Name,Sector,Market_Cap (INR),Listing_Date
1,"Mueller, Gordon and Davis",Energy,3955714131,1999-07-30
2,Wolfe-Khan,Real Estate,5379611525,2019-05-11
3,Bowman PLC,Energy,4107096585,2020-01-12
4,"Alexander, Hoffman and Miller",Transportation,3457860449,2021-08-09
5,Howard PLC,Real Estate,8377822039,2018-01-10
6,Irwin-Reeves,Utilities,3135162976,2011-01-30
7,Chen LLC,Utilities,4742638004,2005-05-11
8,"Mccullough, Lee and Bryant",Utilities,4548606328,2007-11-13
9,"Moore, Horton and Wise",Communication Services,7127062288,2001-09-25
10,"Franklin, Shea and Watson",Real Estate,7756935638,2023-07-20
11,Palmer-Wilson,Communication Services,4417509452,2019-11-19
12,Stevens LLC,Communication Services,6602563195,2021-10-08
13,"Osborne, Patterson and Salazar",Real Estate,4053589129,2015-06-01
14,"Smith, Holland and Williams",Technology,9761865110,2018-01-22
15,Romero-Swanson,Retail,5893702267,2021-01-22
16,"Martinez, Howard and Harris",Retail,3480350315,2009-01-18
17,Taylor-Wu,Real Estate,7495292249,1999-09-16
18,Brown-Elliott,Finance,3213788779,2004-09-26
19,"Herman, Ross and Byrd",Communication Services,5506562919,2018-06-28
20,Brandt LLC,Communication Services,4088138728,2008-05-26
21,Patterson-Smith,Transportation,1324067071,1994-10-14
22,Allen-Reyes,Finance,5056625697,2016-06-15
23,"Green, Johns and Mitchell",Communication Services,4819630999,2017-08-05
24,Welch Inc,Utilities,3714425065,1999-12-13
25,Gonzalez and Sons,Utilities,7619456227,2018-12-02
26,Love and Sons,Utilities,8640036111,2010-01-15
27,"Smith, Castro and Davis",Finance,8490726363,2013-10-31
28,Bernard-Butler,Consumer Goods,2212304596,2023-02-04
29,"Hudson, Lopez and White",Utilities,3190377168,2003-08-29
30,"Baker, Ford and Powell",Technology,1939347026,2012-09-15
31,Gutierrez PLC,Technology,8241905433,2014-05-07
32,Edwards-Paul,Consumer Goods,9691871486,2003-11-12
33,Miller-Giles,Utilities,6090798815,1997-10-26
34,Owen Group,Utilities,8894936405,2020-09-22
35,"Dawson, Bush and Cook",Retail,2818028426,2019-12-11
36,"Watson, Anderson and Fischer",Communication Services,8376243901,1997-09-30
37,"Klein, Martinez and Turner",Utilities,8427680593,2001-07-28
38,Rivera-Gill,Real Estate,6102942833,2006-09-01
39,"Hart, Pennington and Lozano",Real Estate,5827199338,2001-02-16
40,Hansen-Higgins,Retail,8508439681,1998-01-23
41,Sosa PLC,Communication Services,4783188628,2007-01-06
42,Cummings Inc,Technology,4332900093,2003-01-07
43,West and Sons,Retail,9166058863,1994-08-13
44,Chen-Mayo,Transportation,7617430714,2009-12-21
45,"Neal, Ferguson and Kline",Energy,6998035893,1996-04-30
46,Cortez and Sons,Consumer Goods,4511936825,1997-02-10
47,Burgess Group,Consumer Goods,6059717369,2002-07-02
48,Williams Inc,Healthcare,9961338447,2009-10-26
49,"Lopez, Jackson and Chapman",Finance,7549970368,2023-07-29
50,"Mccoy, Harvey and Roberts",Finance,2564994772,1997-02-03
51,"Jackson, Jones and Perez",Energy,7912399699,2008-11-10
52,Wu Inc,Retail,9073275244,1999-07-04
53,Kelley Inc,Finance,2387531599,2017-02-13
54,Edwards-Owen,Consumer Goods,8567595437,1996-01-24
55,"Jones, Ross and Mitchell",Energy,9936350501,2016-03-14
56,Martin Inc,Retail,7424407591,2006-06-29
57,Wiley-Adams,Consumer Goods,9431785819,2011-05-13
58,Garrett-Lewis,Energy,9170191385,2007-07-04
59,Walton Ltd,Technology,3483293352,2015-06-19
60,"Butler, Jimenez and Davis",Technology,8978184214,2024-07-28
61,Lowe-Mason,Real Estate,7367168166,2024-07-22
62,"Bryant, Reed and Spencer",Communication Services,1072061297,2017-03-30
63,Huffman-Delgado,Real Estate,1161088893,2011-12-16
64,Wolfe-Jones,Finance,2508717154,2010-05-01
65,Frazier-Duffy,Retail,4868661005,2010-05-09
66,"Buchanan, Clark and Spencer",Transportation,5910213453,2012-03-20
67,"Gonzalez, Mckee and Garcia",Real Estate,2265362312,2014-09-21
68,Obrien-Benson,Transportation,9348938733,2016-11-10
69,Jackson-Bryant,Transportation,7250825507,1996-01-28
70,Burnett Inc,Retail,1550047368,2018-07-24
71,"Richard, Lee and Wright",Energy,7788567375,2013-10-17
72,Brown-Oneal,Consumer Goods,7298397750,2016-05-11
73,Ferguson and Sons,Retail,2832194137,2007-04-08
74,King Inc,Real Estate,4118446652,2020-08-01
75,Thornton-Huang,Consumer Goods,1889198062,1995-08-03
76,Martin and Sons,Energy,1762153126,2011-03-02
77,Morrison-Gonzalez,Transportation,1189793265,2023-11-28
78,Cox Inc,Energy,2565087343,2022-07-25
79,Clark-Wise,Finance,4675945192,2008-04-18
80,Thompson LLC,Energy,2736478907,1995-07-27
81,Drake-Williams,Consumer Goods,4470608057,2023-05-18
82,Frederick LLC,Consumer Goods,4456576747,2022-12-19
83,"Collins, Hansen and Luna",Retail,9276540014,2012-09-18
84,Lewis-Page,Energy,3140230770,1995-08-01
85,Adams-Ruiz,Energy,2682585858,1998-09-02
86,"Baird, Adkins and Shields",Healthcare,3150801304,2012-01-06
87,Jackson-Harris,Consumer Goods,3208657266,2016-09-27
88,Spencer LLC,Energy,1251075346,2013-05-15
89,Jimenez LLC,Real Estate,1137609364,1995-07-27
90,"Jimenez, Thompson and Barnes",Consumer Goods,9231968551,2018-06-07
91,Stewart-Williams,Consumer Goods,8009831261,1998-11-16
92,Griffin LLC,Finance,6703087390,2008-07-17
93,Soto-Cole,Communication Services,3322223123,2006-04-13
94,Preston-Morales,Energy,2332564051,2013-04-28
95,Young-Wagner,Consumer Goods,5474368278,2005-10-29
96,"Smith, Sanders and Hartman",Technology,8267885679,2024-06-16
97,Martin-Elliott,Consumer Goods,6524606186,2013-06-28
98,Powell-Hardy,Transportation,7318233285,2002-10-04
99,Sandoval Inc,Healthcare,6774360096,2016-03-23
100,Young-Contreras,Transportation,4811854902,2022-11-17
101,Ingram-Hawkins,Retail,8254915398,2007-05-09
102,"Edwards, Kent and Keith",Energy,2153536803,2002-06-20
103,Park and Sons,Technology,4146796511,2004-04-16
104,Miller-Morales,Consumer Goods,2235850287,2020-08-13
105,"Alvarez, Walker and Anderson",Finance,1589735281,2020-08-08
106,Ellis-Kirby,Transportation,3799616343,1998-12-05
107,"Cole, Paul and Ross",Retail,7429821971,2008-04-02
108,"Williams, Hooper and Smith",Real Estate,8845082846,1998-01-29
109,Moses-Williams,Technology,4563219919,2001-01-02
110,"Duffy, Carter and Blake",Energy,1952191246,2014-10-06
111,"Walters, Roth and Melendez",Retail,5312029873,2019-10-31
112,Holder-Perry,Technology,9357606798,2002-03-29
113,Dillon-Thompson,Utilities,8659294688,2001-05-31
114,Peterson LLC,Technology,7525150856,1995-04-29
115,"Hodges, Oliver and Gray",Retail,3034759969,1999-06-29
116,"Sanchez, Freeman and Smith",Energy,2285647172,2021-01-11
117,"Horton, Perez and Taylor",Healthcare,6895279461,2003-08-13
118,Ferrell and Sons,Retail,4900589184,2012-04-04
119,Smith PLC,Consumer Goods,7383775636,2010-08-17
120,Clark-Serrano,Utilities,3981932849,2019-05-13
121,Powers-Hansen,Finance,6371601587,1998-01-12
122,White Ltd,Consumer Goods,3866777651,2002-02-01
123,"Lawson, Cohen and Moreno",Healthcare,5869337968,2011-09-14
124,Gilbert Inc,Finance,5687626358,2006-09-28
125,Mitchell PLC,Healthcare,3216745858,1999-11-08
126,Parker-Hawkins,Communication Services,1190948627,2022-05-21
127,Roach Inc,Technology,2105309413,2000-03-03
128,Garcia-Lewis,Utilities,8237102829,2014-01-27
129,Mckenzie Inc,Real Estate,7472470235,2018-03-02
130,Alexander-Taylor,Healthcare,2347607114,2012-05-08
131,Hill-Velez,Technology,3115690344,2021-10-07
132,"Goodwin, Huff and Bennett",Technology,1803999384,2022-01-26
133,Taylor-Brown,Finance,7417453853,1998-12-14
134,Miller and Sons,Communication Services,2085390826,2011-10-22
135,Kim and Sons,Healthcare,4161719718,2011-10-18
136,Spencer-Long,Energy,6720329174,2013-08-20
137,Morgan-Robles,Consumer Goods,4177693610,2018-02-20
138,"Woodard, Schroeder and Harvey",Energy,1613706957,2005-11-03
139,Morales Ltd,Real Estate,9331453430,1997-02-13
140,"Mora, Christensen and Guzman",Transportation,4799171812,2018-09-26
141,Williams-Willis,Communication Services,4173319776,1996-12-14
142,Holloway and Sons,Transportation,3651337788,1995-03-10
143,Lawson and Sons,Consumer Goods,1360731136,2002-10-17
144,Sanders-Mclean,Retail,6274679115,2002-05-14
145,"George, Lowe and Chang",Communication Services,5551159209,2016-01-18
146,"King, Maddox and Hansen",Finance,3373471441,2024-03-26
147,Valencia-Newman,Technology,3581742485,2017-07-19
148,Carter Group,Transportation,1715530670,1996-04-02
149,"Coleman, Davis and Brooks",Utilities,1145388588,2011-07-22
150,"Munoz, Perez and Ferguson",Healthcare,1327292438,2014-10-10
151,Burch-Trevino,Real Estate,1240688547,1999-03-08
152,"Pittman, Mejia and Hoover",Transportation,2702411562,2021-08-14
153,Hoffman Ltd,Utilities,4209309445,2004-04-26
154,Warren-Pierce,Real Estate,1067581006,2011-11-21
155,Brady-Wong,Communication Services,7052547395,2010-03-19
156,"Suarez, Campbell and Mclean",Finance,2997734600,2015-06-05
157,Stanley Ltd,Energy,4888842275,2020-11-10
158,"Bartlett, Larson and Anderson",Finance,3061986266,2011-02-08
159,"Gonzales, Mcdaniel and Dean",Utilities,7730652073,2008-09-04
160,"Bell, Martinez and Ward",Consumer Goods,2753716587,2007-08-20
161,Nelson-Knox,Consumer Goods,1267809583,1995-09-25
162,"Watts, Brennan and Weaver",Consumer Goods,9415832070,2004-08-29
163,"Sanchez, Brown and Hull",Consumer Goods,9578924847,1996-03-01
164,Barnes Ltd,Transportation,8944098545,2008-04-15
165,Combs Group,Technology,4000003233,2010-06-08
166,"Robertson, Choi and Rodriguez",Energy,3534838400,2018-09-23
167,"Clay, Parker and Munoz",Consumer Goods,7892900680,2012-02-17
168,Horn and Sons,Communication Services,9526318841,2011-06-10
169,Alexander Ltd,Energy,2183601446,2015-01-24
170,Warren Ltd,Energy,8546602454,2006-05-22
171,Kirby-Gonzalez,Transportation,9062112819,2021-11-13
172,"Johnson, Moore and Thompson",Energy,3534446787,2017-11-08
173,"Leonard, Mckenzie and Cochran",Technology,6718866110,1994-09-13
174,"Prince, Marks and Simpson",Utilities,6858694543,2018-01-20
175,Price-Patterson,Communication Services,5975089037,2002-09-26
176,"Davis, Aguirre and Molina",Transportation,9614585556,2013-02-02
177,Noble-Jones,Consumer Goods,9790851872,2007-06-19
178,White LLC,Utilities,9843307048,1999-08-24
179,Mann Ltd,Utilities,4260491835,2016-12-30
180,"Wagner, Case and Barber",Consumer Goods,2827121554,1995-08-09
181,"Briggs, Morales and Hogan",Utilities,1741536799,2008-08-01
182,Fox-Harper,Energy,1193486083,2012-11-17
183,Edwards Inc,Utilities,4658451214,2003-03-24
184,"Willis, Scott and Vaughn",Real Estate,8980317122,2018-08-29
185,"Williams, Livingston and Walter",Energy,4354223528,2015-05-27
186,Chavez Group,Consumer Goods,3407169811,2002-07-17
187,Johnson LLC,Healthcare,6517950062,2012-06-03
188,Young-Graham,Healthcare,9546679183,2009-02-24
189,"Evans, Young and Jenkins",Healthcare,2838423179,2012-09-23
190,White Inc,Healthcare,5319039528,2010-04-26
191,Mason-Munoz,Communication Services,9122368902,2015-10-21
192,Collier-Johnson,Retail,7070513728,2019-03-04
193,Brown-Harris,Healthcare,4135729635,2009-05-29
194,Hill PLC,Communication Services,5448554906,2003-05-10
195,Marsh-Campos,Technology,9931606824,2010-11-23
196,Harper Ltd,Energy,9108755829,1997-07-28
197,Ramsey Ltd,Retail,6744351623,2023-12-02
198,Le-Chapman,Healthcare,2402878754,2012-10-27
199,Griffin-Williams,Energy,5928755638,2008-02-22
200,Ross-Guerrero,Healthcare,8209205692,1996-01-29
201,Brown PLC,Utilities,6537103130,2014-11-06
202,"Reid, Scott and Nicholson",Retail,1692600499,1999-07-16
203,"Manning, Lee and Sanchez",Finance,7451534055,2011-07-26
204,"Meyers, Sawyer and Ray",Consumer Goods,9775553430,2009-05-12
205,Johnson LLC,Healthcare,1730086299,2016-12-02
206,Weaver-Thomas,Real Estate,2397490281,2009-09-04
207,Avery LLC,Utilities,2353882749,1999-03-19
208,Jimenez-Mccarthy,Transportation,9239845556,2002-04-20
209,"Frazier, Key and Williams",Energy,6556515583,2005-03-30
210,"Scott, Campbell and Benson",Healthcare,8723608994,2010-11-25
211,"Williams, Shannon and Jackson",Retail,1320578005,1995-08-04
212,Day PLC,Finance,6731577389,2015-03-25
213,"Ashley, Clark and Howard",Utilities,7044155422,2015-04-30
214,"Sullivan, Lewis and Walter",Communication Services,9711867386,2007-02-26
215,"Wheeler, Rodriguez and Moore",Communication Services,1439360439,2016-07-27
216,"Castillo, Chavez and Richards",Real Estate,1616789859,2018-01-13
217,Gomez LLC,Energy,2162064642,2023-11-04
218,Sherman-Robles,Consumer Goods,6596730987,1996-02-24
219,Miller PLC,Consumer Goods,6038194316,2018-01-17
220,Adams Inc,Healthcare,7636704298,2003-03-04
221,"Patterson, Mays and Fox",Finance,6342463119,2003-04-22
222,Brown-Wilson,Real Estate,2072533012,2019-06-01
223,Reynolds Group,Consumer Goods,1428261226,1998-03-28
224,Armstrong PLC,Technology,5371916386,2008-10-18
225,Bailey PLC,Energy,3621884690,2019-04-06
226,"Mclaughlin, Martinez and Walker",Utilities,1304326681,2011-08-19
227,"Clark, Smith and Jones",Real Estate,8092592287,2023-04-13
228,Ferguson Ltd,Real Estate,7918973539,2005-03-10
229,"Patterson, Bass and Perkins",Utilities,2535758197,2008-10-20
230,Smith-Clark,Utilities,3007627315,2006-05-23
231,"Ochoa, Howard and Miller",Healthcare,6544045315,2006-01-17
232,Coleman-Bauer,Technology,5235521410,2018-10-21
233,Adams Inc,Technology,6205597737,2014-02-04
234,Hooper-Guerrero,Transportation,7060165400,2018-08-09
235,Stein-Sandoval,Energy,3675095782,2020-06-01
236,White-Simpson,Technology,1583466398,2022-05-26
237,"Sparks, Velasquez and Cruz",Transportation,9010928778,2023-02-02
238,Farmer-Rodriguez,Transportation,4562566958,1997-05-04
239,Browning and Sons,Utilities,8972107161,2021-04-19
240,Gordon LLC,Utilities,6586063585,2007-08-04
241,Gibson-Miller,Retail,6106837383,2016-12-27
242,"Williams, Nelson and Chavez",Healthcare,7923724733,2019-05-19
243,Hayes LLC,Energy,2984191897,2023-09-05
244,Rivera Ltd,Real Estate,9592115718,2008-04-20
245,"Bartlett, Watson and Kelly",Real Estate,4900965385,1999-09-02
246,Moore Ltd,Real Estate,6366021801,2018-03-31
247,James and Sons,Retail,5749962404,1995-03-08
248,Johnson-Landry,Retail,4033309588,2003-06-17
249,Duran-Flores,Retail,7109757277,2013-02-12
250,"Wilson, Martin and Day",Retail,1943209849,2009-11-17
251,Evans-Sanchez,Finance,9366713052,2001-09-21
252,"Campbell, Jackson and Brooks",Utilities,7248961466,2007-10-15
253,Mckenzie-Patterson,Finance,4676594178,1997-04-19
254,Strickland-Rosario,Energy,6668363874,2023-10-02
255,Tanner-Carr,Communication Services,8894632875,1996-07-11
256,"Chan, Torres and Jones",Transportation,6687397291,2008-01-06
257,"Long, Small and Maxwell",Technology,5563987877,2004-09-22
258,Andrade-Park,Utilities,8872682419,2010-09-23
259,Fields-Mack,Consumer Goods,2806861899,2013-03-19
260,Archer Ltd,Retail,4292865116,2016-09-10
261,"Bryant, Moreno and Lawson",Communication Services,4949091695,1999-04-09
262,Freeman-Moore,Technology,2698620011,2009-03-19
263,"Stevens, Alvarez and Watson",Consumer Goods,5153896905,2015-04-01
264,Anderson-Washington,Finance,1062373825,2016-06-27
265,"Hall, Oconnor and White",Transportation,8383298101,2014-03-27
266,Richmond and Sons,Utilities,4964537205,2008-09-05
267,"Robinson, Martin and Campos",Consumer Goods,6783769426,2008-12-07
268,Watson LLC,Transportation,7069605592,2010-03-08
269,"Larson, Schmidt and Khan",Healthcare,1144744139,2010-10-01
270,"Mcdonald, Frey and Rodriguez",Communication Services,2333907759,2000-07-07
271,Mcclure and Sons,Technology,7154696578,2019-10-14
272,Guerrero-Williams,Real Estate,8167453477,1998-11-09
273,"Vega, Smith and Jensen",Finance,9722425761,2014-06-26
274,Andrade-Shannon,Finance,7280324346,2005-10-30
275,"Bailey, Flores and Avery",Retail,1502621976,2006-09-07
276,"Gilmore, Anderson and Hall",Retail,5977237406,2021-06-25
277,Miller Ltd,Healthcare,8459781532,2008-05-12
278,Rodriguez-Hill,Technology,8864753869,2018-05-22
279,Marshall-Howard,Technology,1174035427,2010-05-17
280,Little PLC,Retail,1175574905,2004-11-22
281,Morris Group,Healthcare,9054731408,1999-06-19
282,Foley-Lyons,Energy,6541318828,1996-04-05
283,Reeves Inc,Finance,1582116581,2023-07-03
284,Perry-Joseph,Real Estate,8567338800,2020-06-02
285,Howard Group,Real Estate,5488354082,2020-03-28
286,Harrison-Johnson,Finance,6302658807,1998-07-29
287,Crawford-Miller,Finance,1530606233,2010-05-24
288,Morgan and Sons,Technology,4353533715,2019-12-12
289,Price Ltd,Real Estate,1554966778,2021-07-02
290,"Lee, Moore and Carpenter",Energy,4662238380,2007-10-04
291,Tanner-Clark,Consumer Goods,3019306569,2024-05-07
292,Peters-Holt,Healthcare,4750484626,1995-07-31
293,White Group,Transportation,8100885592,2007-03-26
294,Hicks-Campbell,Healthcare,4714976492,2008-03-28
295,"Mcdonald, Carter and Sexton",Healthcare,6975431898,2004-05-21
296,"Russell, Walter and Hayes",Technology,6233413058,2020-08-08
297,Vasquez-Hays,Consumer Goods,8920322953,2012-07-29
298,Harris LLC,Transportation,7674909958,1998-05-13
299,"Tucker, Miller and Davis",Utilities,4289463867,2006-08-17
300,Montgomery-Brown,Consumer Goods,2301142133,1999-03-04
301,Fowler and Sons,Real Estate,4115735445,1995-12-10
302,Watson Group,Real Estate,7909827539,2020-08-03
303,Walters-Hansen,Energy,8369851005,2002-04-16
304,Wallace-Reyes,Technology,4175599293,2021-07-08
305,Martin-Snyder,Utilities,1234293893,2023-12-28
306,Hicks Inc,Real Estate,4372270286,2006-01-28
307,Lee-Johnson,Real Estate,1991827583,2023-08-29
308,"Martinez, Francis and Burgess",Finance,7828035172,1996-01-26
309,Mahoney PLC,Healthcare,6210980442,2016-05-08
310,Ruiz Inc,Consumer Goods,6492174135,2012-07-13
311,Peterson-Wolf,Retail,2579979794,2012-10-21
312,Phillips-Stone,Energy,8549352671,2021-11-18
313,"Robinson, Smith and Patel",Technology,6845600998,2015-05-06
314,Hudson-Miller,Energy,8078816840,2013-10-26
315,Robinson-Romero,Energy,7929483333,2011-03-11
316,"Stewart, Lyons and Miller",Real Estate,4333751658,2009-07-09
317,Small Ltd,Healthcare,3386766590,2017-05-23
318,"Robinson, Fox and Mack",Consumer Goods,9344291125,1997-10-19
319,Myers Group,Real Estate,2562264954,2002-12-02
320,Fisher-Smith,Energy,4009564638,1995-09-14
321,Page-Simon,Finance,3253412518,1996-01-03
322,Santiago-Rodriguez,Transportation,5151544530,1999-09-17
323,"Holmes, Morales and Rangel",Real Estate,3741244898,2005-03-23
324,Vaughn-Hunt,Transportation,8590349351,2002-01-10
325,Smith LLC,Real Estate,3272894039,2013-02-20
326,Matthews-Johnston,Transportation,9729109093,2012-07-15
327,Gordon-Brown,Healthcare,2853176058,2017-12-12
328,Robertson Inc,Technology,2977192645,1996-04-29
329,Sanchez and Sons,Communication Services,4913154877,1995-02-10
330,"Jenkins, Lester and Scott",Technology,2012599687,2018-12-09
331,Flores PLC,Healthcare,8564324430,2001-09-24
332,Mccoy-Martinez,Consumer Goods,8153586574,1996-12-20
333,Huff-Brown,Utilities,5765199178,2014-06-23
334,Williams and Sons,Technology,3095827758,2010-04-03
335,"Ramsey, Romero and Rivera",Healthcare,3977360656,2021-10-11
336,"Matthews, Fox and Kemp",Consumer Goods,6687875780,2000-08-21
337,Edwards-Rush,Communication Services,3627014132,2009-01-29
338,Weeks-Bernard,Technology,9191603326,2015-08-07
339,"Harper, Ayala and Gonzalez",Communication Services,1939161561,2005-01-11
340,Robinson Ltd,Energy,3997607870,2022-01-05
341,Dawson-Orr,Consumer Goods,8525373055,2022-10-18
342,Sutton LLC,Finance,3681164489,2015-04-24
343,Sanchez-Graves,Utilities,7730911236,2009-02-24
344,Erickson Ltd,Utilities,5048079553,2022-10-20
345,Monroe-Roth,Transportation,4865849828,2006-10-16
346,Stewart PLC,Healthcare,2156511028,2024-02-11
347,Mcdonald Ltd,Consumer Goods,8048703653,2023-07-22
348,Parker-Chavez,Real Estate,1171884757,2014-08-30
349,Beck Inc,Communication Services,2522929879,2003-10-16
350,Olsen and Sons,Transportation,5476891831,1998-09-11
351,"Davis, Douglas and Moore",Energy,9553015858,2013-05-17
352,Harrison LLC,Consumer Goods,6278424958,1998-09-07
353,"Johnston, Kelly and Gaines",Real Estate,1624508149,2000-03-22
354,Brown LLC,Energy,4912274883,2020-08-19
355,"Hill, Anthony and Mcdonald",Real Estate,9695855005,2001-03-23
356,"Branch, Mueller and Marshall",Real Estate,9745780858,1997-06-01
357,"Wilson, Wall and White",Real Estate,5473610015,2021-08-26
358,Mckinney-Norton,Real Estate,9154618594,2011-04-11
359,"Maxwell, Coffey and Richardson",Transportation,6103093138,2020-03-22
360,Nguyen and Sons,Finance,1036340712,2006-12-11
361,Cook-Harris,Finance,9899320935,1998-08-04
362,Walker-Alvarez,Healthcare,7290678574,1998-10-29
363,Bryant Inc,Consumer Goods,3817393933,2004-03-10
364,Gonzales-Garcia,Consumer Goods,7908263172,2002-07-28
365,Delgado LLC,Utilities,8829425945,2022-11-03
366,Smith PLC,Finance,9097208364,2012-09-16
367,"Herrera, Moreno and Benitez",Utilities,9494771179,2013-05-07
368,Mitchell Inc,Communication Services,3268410566,2015-11-08
369,Mitchell-Kemp,Technology,4814087289,2002-04-01
370,Buck Inc,Finance,2807091384,2021-10-09
371,Marshall Group,Retail,7867033007,2014-09-02
372,"King, Khan and Kaiser",Retail,1208291085,2003-12-20
373,Short Inc,Transportation,5651519043,2001-11-22
374,Torres PLC,Utilities,7382482233,2015-02-16
375,"Levine, Evans and Johnson",Utilities,6744609102,2017-10-21
376,Smith Inc,Healthcare,7073232720,1997-11-30
377,Murphy and Sons,Real Estate,8986716049,2014-06-04
378,"Thompson, Kirby and Mejia",Utilities,3259187395,2009-11-21
379,"Harris, Bowman and Mullins",Real Estate,2058740433,2013-05-09
380,"Lynn, Contreras and Wilson",Real Estate,5507987060,2020-10-14
381,Barber-Johnson,Real Estate,5533385935,2010-12-08
382,"Garza, Wilson and Green",Technology,3785477895,2018-03-23
383,Johnson PLC,Real Estate,6654587941,2017-08-02
384,Wilson PLC,Transportation,7676505204,1997-11-12
385,Ware LLC,Retail,6027310879,2005-11-26
386,Anderson-Obrien,Consumer Goods,6506872847,2007-11-17
387,Townsend-Burke,Transportation,5963727294,2007-04-21
388,Burgess Ltd,Transportation,6397350606,1997-12-31
389,"Hubbard, Valdez and Jackson",Energy,8174872195,1999-03-19
390,"Byrd, Washington and Shepherd",Finance,2492365769,2024-06-19
391,"Sanchez, Nguyen and Jones",Transportation,9093637268,2017-12-25
392,Foley-Smith,Transportation,4775235466,2019-06-07
393,Costa-Houston,Healthcare,3373180507,2002-11-13
394,"Romero, Calhoun and Gray",Consumer Goods,1620088847,2002-04-29
395,"Wright, Trujillo and Atkinson",Transportation,4522532962,2004-06-04
396,Bowen-Weaver,Finance,6629005368,2003-07-25
397,"Rodriguez, Steele and Andrews",Finance,2018265882,2000-09-06
398,Rose Ltd,Healthcare,6434788904,2021-05-15
399,Jacobs-Carney,Real Estate,2528232539,2001-07-15
400,Boyle and Sons,Energy,7376211724,2023-12-18
